Index_ID,English,Chinese
Loading_1001,Play as guest,游客登录
Loading_1002,Log in with email,邮箱登录
Loading_1003,or Log in with,其他登录方式
Loading_1004,Log in with Facebook,Facebook登录
Loading_1005,Log in with phone,手机登录
Loading_1006,Log in with apple,Apple登录
Loading_1007,Existing Account,已有账号
Loading_1008,Choose an Account,选择一个账号
Loading_1009,Tap on a profile picture to choose an account,点击已经登录过的账号进行游戏
Loading_1010,Connection Failed,连接失败
Loading_1011,A network connection error has occurred. Would you like to try again?,您的网络连接出错！请检查您的网络或重新登录！
Loading_1012,Cancel,取消
Loading_1013,Try Again,重试
Login_1001,Log in with email,邮箱登录
Login_1002,Please enter the registered email  address and password,请输入已注册的邮箱和密码！
Login_1003,Please input your password,请输入密码
Login_1004,Sign up with email,邮箱注册
Login_1005,Forgot your password？,忘记密码?
Login_1006,Log in,登录
Login_1007,Account or Password is empty,账号或密码为空
Login_1008,The email and password you entered did not match our records,您输入的账号或密码错误，请重新输入
Login_1009,Retrieve Password,找回密码
Login_1010,Please enter the email address you want to retrieve password.,请输入您要找回密码的邮箱！
Login_1011,Send,发送邮件
Login_1012,"Success,Please check your email!",发送成功！请前往邮箱查看找回密码邮件！
Login_1013,Your email is incorrect,您输入的邮箱不正确
Login_1014,This email already existed.,邮箱已使用
Game_Hall_1001,Events,活动赛
Game_Hall_1002,Tournaments,锦标赛
Game_Hall_1003,Cash Games,现金赛
Game_Hall_1004,Ticket Games,奖券赛
Game_Hall_1005,PLAYERS,玩家
Game_Hall_1006,ENTRY,入场
Game_Hall_1007,PRIZES,奖励
Game_Hall_1008,Start time:,开始时间:
Game_Hall_1009,Ends in:,结束时间：
Game_Hall_1010,Enter Match Code,输入比赛代码
Game_Hall_1011,Deposit,商城
Game_Hall_1012,Rank,排行
Game_Hall_1013,Home,主页
Prompt_1001,Out of Funds,报名费不足
Prompt_1002,Go to the store for more funds,前往商店获取更多报名费
Prompt_1003,You don't have enough Tickets to enter this match. Claim your free Tickets in Lucky Box now!,您的奖券不足，是否前往幸运宝箱获取更多奖券？
Prompt_1004,Add Funds,获取报名费
Prompt_1005,Limited Time Offer!,限时优惠！
Prompt_1006,Cancel,取消
Prompt_1007,OK,前往
Prompt_1008,Claim,前往
Prompt_1009,Next,下一步
Prompt_1010,Need Your Location,位置授权
Prompt_1011,We need your location to determine eligibility for this tournament.,请先进行位置授权，我们需要您的定位以确定您是否能参与此比赛！
Prompt_1012,Notice,提示
Prompt_1013,"Cash games are currently unavailbel in your location.If you habe deposited, you can contact us. We'll make the refund immediately. ",您所在的国家不支持现金比赛。如果您已充值，请联系我们进行退款。
Prompt_1014,contact us,联系我们
Prompt_1015,Settings,前往设置
Prompt_1016,OK,确定
Prompt_1017,"If this tournament is cancelled due to a lack of participants, all entries will be cancelled and all
entry fees will be fully refunded.",如果本次比赛因人数不足取消，已参与的比赛将被中止，您的报名费将全额返还！
Prompt_1018,Don't show this again,不再提示
Prompt_1019,"This match has ended, your score this time is invalid, and your entry fee has been refunded.",本场比赛已经结束，您本次提交的得分无效，您的报名费已返还！
Prompt_1020,How to Level Up,如何升级
Prompt_1021,Play<br/>Matches,参与<br/>比赛
Prompt_1022,Earn<br/>Experience,获得<br/>经验
Prompt_1023,Level<br/>Up,提升<br/>等级
Prompt_1024,Win Matches to level up faster!,赢得更高比赛可更快速的升级！
Prompt_1025,Cancel Withdrawal,取消提现
Prompt_1026,"Do your confirm that you want to cancel this Withdrawal Application?If yes ,your frozen Bonus Cash will be returned to your account in full immediately.",您确认要取消本次提现吗？取消后被冻结的奖励金将立即返还给你！
Prompt_1027,No,取消
Prompt_1028,Yes,确定
Prompt_1029,You have to link your account to an E-mail before you cancel the authorization.,取消第三方授权需要绑定邮箱账号，是否前往绑定？
Prompt_1030,Confirm,立即前往
Prompt_1031,Oops…The deposit is not available per your state's law.,很抱歉！受您所在地区法律影响，暂不允许充值！
Prompt_1032,"Email sent, please check your original email address to complete the confirmation process. ",邮件已发送，请检查你的原邮箱并完成验证！
Matching_1001,PRIZES,奖励
Matching_1002,ENTRY,入场
Matching_1003,Players,玩家
Matching_1004,Play Now!<br/>We are finding the opponent for you.,比赛开始！<br/>对手正在匹配中
Matching_1005,Play Match Now,立即开始比赛
Matching_1006,Me,我
Matching_1007,Ends in：,结束时间：
Matching_1008,Match<br/>Details,比赛<br/>详情
Matching_1009,PLAY NOW,立即开始
Matching_1010,Finding Opponents,匹配对手
Matching_1011,Searching…,正在寻找对手…
Result_1001,Tiebreaker,决胜局
Result_1002,Time Left：,剩余时间：
Result_1003,Start Tiebreaker,开始决胜局
Result_1004,Back,回到大厅
Result_1005,Title: ,比赛名称：
Result_1006,Time:,时间：
Result_1007,Entry:,入场：
Result_1008,Match ID:,比赛ID：
Result_1009,Copy,复制
Result_1010,THE WINNER WILL GET,胜利将获得：
Result_1011,Play Again,再来一局
Result_1012,Back to Games,回到大厅
Result_1013,More Tickeks,更多奖券
Result_1014,Now Playing,正在游戏中
Result_1015,Searching for an Opponent,正在匹配对手
Result_1016,Aborted,已中止
Result_1017,Game aborted<br/>Entry fee has been refunded,比赛已中止<br/>您的报名费已返还
Result_1018,No opponent found,未找到对手
Result_1019,Score:,得分：
Result_1020,NICE SCORE!,不错的得分
Result_1021,Round:1,第1轮
Result_1022,Round:2,第2轮
Result_1023,Round:3,第3轮
Result_1024,Round:4,第4轮
Result_1025,Round:5,第5轮
Result_1026,Finals,决赛
Result_1027,To Be Determined,待定
Result_1028,Waiting for Opponent,等待对手
Result_1029,See More,查看详情
Result_1030,Awaiting completion,等待比赛结束
Result_1031,Ends in：,结束时间：
Result_1032,Score this time:,本次得分：
Result_1033,Highest score:,最高得分
Match_Detail_1001,Multiplayer,多人游戏
Match_Detail_1002,How to Win,获胜技巧
Match_Detail_1003,"Your ranking will be decided by your score after every player completes the game. For players with the same final score, those who finish up earlier will rank higher.",当你完成比赛并提交分数后进行排名，如果出现分数相同，较早完成比赛的玩家排名更高。
Match_Detail_1004,Play Now,开始比赛
Match_Detail_1005,Tournaments,锦标赛
Match_Detail_1006,Winner,第1名
Match_Detail_1007,Second,第2名
Match_Detail_1008,Top 4,前4名
Match_Detail_1009,Top 8,前8名
Match_Detail_1010,Top 16,前16名
Match_Detail_1011,"Players compete in a #1#-rounds tournament.Defeat your opponents to win every round,The user who reaches the top will win.",锦标赛进行#round#轮，每轮获胜的玩家晋级，决赛获胜的玩家取得最终的胜利。
Match_Detail_1012,Round Time：24 hours,每轮时长：24小时
Match_Detail_1013,ENTRY,入场
Match_Detail_1014,Event ,活动赛
Match_Detail_1015,1)  Your have #1# times to play the game and hit the rank. Pay #2# for each entry.<br/>2)  Rank determined by your best score.,1，本场赛事你可以参与#1#次，每次入场费#2#；<br/>2，我们将取你的最高分进行排名。
Match_Detail_1016,Ends in：,结束时间：
Match_Detail_1017,Title: ,名称：
Match_Detail_1018,Time:,时间：
Match_Detail_1019,Entry:,入场：
Match_Detail_1020,Match ID:,比赛ID：
Match_Detail_1021,Copy,复制
See_More_1001,Round1,第1轮
See_More_1002,Round2,第2轮
See_More_1003,Round3,第3轮
See_More_1004,Round4,第4轮
See_More_1005,Round5,第5轮
See_More_1006,Finals,决赛
See_More_1007,Championship,冠军
See_More_1008,Score: ,分数：
See_More_1009,Completed,已完成
See_More_1010,Now Playing,比赛未完成
See_More_1011,Up Next,比赛未完成
See_More_1012,To Be Determined,待定
See_More_1013,WINNER,冠军
See_More_1014,Start Round1,开始第1轮
See_More_1015,Start Round2,开始第2轮
See_More_1016,Start Round3,开始第3轮
See_More_1017,Start Round4,开始第4轮
See_More_1018,Start Round5,开始第5轮
See_More_1019,Start Finals,开始决赛
See_More_1020,THE WINNER WILL GET,胜利将获得
See_More_1021,Match<br/>Details,比赛<br/>详情
See_More_1022,PLAY NOW,开始比赛
See_More_1023,Play Again,再来一局
See_More_1024,Back,返回大厅
See_More_1025,PRIZES,奖励
See_More_1026,Match Details,比赛详情
See_More_1027,Ends in:,结束时间：
See_More_1028,Match Code:,比赛代码：
See_More_1029,Rank,排名
See_More_1030,Reward,奖励
See_More_1031,Player,玩家
See_More_1032,Play Again,再来一次
See_More_1033,Share,分享
See_More_1034,Back,返回大厅
Home_1001,Level,等级
Home_1002,Platform Level,平台等级
Home_1003,Add a new Game,添加新游戏
Home_1004,Your Turn,您的回合
Home_1005,Ready To Play!,已准备好游戏！
Home_1006,Time Left:,剩余时间：
Home_1007,Pending Games,正在进行
Home_1008,Awaiting Challenger,等待挑战者
Home_1009,ENTRY,入场
Home_1010,Score: ,分数：
Home_1011,Awaiting completion,等待完成
Home_1012,Finshed Games,已完成
Home_1013,Win,Win
Home_1014,Lose,Lose
Home_1015,Aborted,已中止
Home_1016,SEE MORE,查看更多比赛信息
Home_1017,Total XP,总经验值
Home_1018,More Games,更多游戏
Home_1019,Games,更多游戏
Home_1020,Profile,个人中心
Home_1021,UID:,UID:
Home_1022,Copy,复制
Home_1023,Cash Rank,现金排行
Home_1024,Ticket Rank,奖券排行
Home_1025,View rank,查看排行
Home_1026,Game History,比赛战绩
Home_1027,Matches Won,获胜次数
Home_1028,Win Streak,最高连胜
Home_1029,Recent Game Results,最近展开
Home_1030,Cpoy Success,复制成功
Home_1031,W,胜
Home_1032,L,败
Home_1033,new,new
Home_1034,Edit Name & Avatar,修改昵称或头像
Home_1035,Your may only change your username once,您还更改一次昵称
Home_1036,Your have no times to change your username,您当前已没有修改昵称次数
Home_1037,Submit,提交
Home_1038,"Congratulations, your nickname/avatar has been changed",恭喜！您的昵称/头像已经修改成功！
Home_1039,Nickname shall contain 2 to 20 characters.,昵称应包含2-20个字符
Home_1040,This nickname is already existed,您输入的昵称已存在
Home_1041,You can change your nickname with a rename card redeemed in Tickets Store!,修改昵称次数不足，您可以在奖券商城购买改名卡！
Home_1042,Report him,举报此玩家
Deposit_1001,CHOOST YOUR DEPOSIT AMOUNT,选择充值方式
Deposit_1002,Gift,礼包
Deposit_1003,Bonus,奖金
Deposit_1004,MYSTERY BOUNS,神秘奖励
Deposit_1005,Invite Rewards,邀请奖励
Deposit_1006,Ticket Redemption,奖券兑换
Deposit_1007,Lucky Box,幸运宝箱
Deposit_1008,SPEED UP,加速
Deposit_1009,Fortuity Wheel,幸运转盘
Deposit_1010,7-Day Bouns,7日签到
Deposit_1011,Code,兑换码
Deposit_1012,Bonus Cash,奖励金
Deposit_1013,Deposit Amount：,充值金额：
Deposit_1014,Bonus：,奖励金：
Deposit_1015,Gift：,礼包：
Deposit_1016,New Balance：,充值后金额：
Deposit_1017,Select your payment method:,选择充值方式
Deposit_1018,FAQ,FAQ
Deposit_1019,What is Bonus Cash?,什么是奖励金？
Deposit_1020,"Bonus Cash is an in-game currency that can beobtained from various game modes and used to enter Cash Games.<br/><br/>Players can receive Bonus Cash prizes in matches with a cash Entry Fee requirement,Free Entry Events,activities such as Lucky Box,Spin coin and so on.<br/><br/>When you enter a Cash Game, $0.01 of your Bonus Cash of every $0.10 spent will be used to pay the Entry Fee .However, if Bonus Cash is the only currency available in your account, or the real cash in your Balance does not cover 90% of the entry fee, additional Bonus Cash will be used to enter the Cash Game.<br/><br/>When you win a Cash Game, any Bonus Cash that you have used to pay the Entry Fee will be returned to you and any additional winnings beyond your Entry Fee will be paid in Dollars.<br/><br/>lf you haven't entered a Cash Game in the past 7 days, all Bonus Cash in your Account may be forfeited.<br/><br/>When you apply for a withdrawal, your Bonus Cash will also be frozen and be forfeited once your application is approved. If your withdrawal is canceled or rejected, the Bonus Cash will be returned to your account.",奖励金是游戏内的奖励货币，它可以用于参加现金比赛。您可以从免费比赛、幸运宝箱、幸运转盘等活动中获得奖励金。<br/><br/>当您进入现金比赛，入场费每消耗0.10 美元，奖励金可以抵扣0.01美元。如果奖励金是您账户中唯一可用的货币，或者您的现金余额不足入场费的90%，则剩余的入场费可全额使用奖励金抵扣。<br/><br/>当您赢得现金赛时，您入场支付的奖励金将全额退还，超出的奖励将以美元进行发放。<br/><br/>如果您在过去 7 天内没有参加现金比赛，您的奖励金有可能被回收。<br/><br/>当您进行提现申请时，您的奖励金将被冻结。如果您的提款被取消或拒绝，奖金金将退还给您。 
Activity_1001,Claim x#1#,领取#1#倍
Activity_1002,#1# is enough,只领取#1#
Activity_1003,7-DAY BOUNS,七日签到
Activity_1004,Welcome Back！<br/>You have #1# to claim.,欢迎回到游戏！<br/>您今日可领取:#1#
Activity_1005,"You got the bouns fot day 1, Watch videos to get multiple rewards.",您获得了首日奖励，观看视频可获得多倍奖励！
Activity_1006,"You have got day 1 bouns, come back tomorrow for the #1#.",您已领取首日奖励，明日登录可领取:#1#
Activity_1007,Come back tomorrow for the #1#.,明日登录可领取：#1#
Activity_1008,Claimed,已签到
Activity_1009,Claim Now,立即签到
Activity_1010,Watch redio for multiple rewards,观看视频领取多倍奖励
Activity_1011,FORTUITY WHEEL,幸运转盘
Activity_1012,Dice Dare,幸运翻倍
Activity_1013,Not enough times,今日次数不足
Activity_1014,"1. You can spin the wheels for extra prizes! Each wheel costs a different number of currencies.<br/>2.The higher level of the spinning wheel, the better the prizes! All monetary prizes are sent in the form of Bonus Cash.<br/>3. As you get the prize, If you spin a wheel a wheel labeled""Dice Dare"", You will able to guess the number on a dice.You will double your prize if your guess is  right, but you will lose your prize if your guess is wrong.",1，您可以参与幸运转盘获得高额奖励，参与转盘需要消耗不同类型的货币；<br/>2，转盘等级越高，可获得的奖励越丰富（转盘获得的奖励都为奖励金）；<br/>3，中奖时，如果你参与有“幸运翻倍”的转盘，你可以参与猜骰子翻倍。如果猜对数字，您的奖励将翻倍，如果猜错，您将失去您的奖品（中途可随时领取奖励）。
Activity_1015,SPIN,抽奖
Activity_1016,Claim,领取
Activity_1017,Double it,立即翻倍
Activity_1018,Dice Dare,幸运翻倍
Activity_1019,Your prize will be doubled if you guess right and cleared if you guess wrong!,猜对数字即可翻倍奖励！猜错将失去奖励！
Activity_1020,Basic bonus,基础奖励
Activity_1021,LOW,小
Activity_1022,HIGH,大
Activity_1023,Cliam Prize and Exit,领取奖励并退出
Activity_1024,Congrats!! You just doubled your prize! You can still make #1# guesses if all your guesses are correct.,恭喜您！您的奖励已经翻倍，您还可参与#1#次。
Activity_1025,Share,分享
Activity_1026,You have used all your guesses. Your prize is now #1# times greater than before.,您的竞猜次数已用完，您的奖励已经翻了#1#倍！
Activity_1027,Oh no! That wasn't the right answer. Better luck next time.,非常遗憾！您猜错了！祝您下次好运！
Activity_1028,Try Again Next Time,下次再试
Rank_1001,CASH,现金
Rank_1002,TICKET,奖券
Rank_1003,PRIZES POOL,奖池
Rank_1004,Ends in：,结束时间：
Rank_1006,Play #1# more games to unlock ranks.,再玩#1#局解锁排行！
Rank_1007,Win medal to climb the ranks Earn 1medal for each $1 you win,参与比赛赢得勋章来提升排名，每赢得$1可获得1枚高级勋章！
Rank_1008,Play Games,前往游戏
Rank_1009,Unlock,解锁排行
Rank_1010,CASH Rank Results,现金排行结算
Rank_1011,TICKET Rank Results,奖券排行结算
Rank_1012,Your Place,您的排名
Rank_1013,Your Prize,您的奖励
Rank_1014,Ended Time:,结束时间：
Rank_1015,Share,分享
Rank_1016,Next,下一步
Sidebar_1001,Profile,个人中心
Sidebar_1002,Tasks,任务
Sidebar_1003,Withdrawal,提现
Sidebar_1004,Balance,账单
Sidebar_1005,My Messages,消息
Sidebar_1006,Account,账号
Sidebar_1007,Help Center,帮助
Sidebar_1008,Sign Out,退出
Tasks_1001,Tasks,任务
Tasks_1002,Rewards for points earned,积分奖励
Tasks_1003,Collect,收集
Tasks_1004,and get rewards！,获得奖励
Tasks_1005,Daily Challenges,日常任务
Withdrawal_1001,Withdrawal,提现
Withdrawal_1002,Balance Information,账户余额
Withdrawal_1003,Current Balance,当前余额
Withdrawal_1004,Bonus Balance,奖励金
Withdrawal_1005,Available to Withdrawal,可提现金额
Withdrawal_1006,Withdrawal Information,提现信息
Withdrawal_1007,Withdrawal All,全部提现
Withdrawal_1008,Input withdrawal amount,请输入提现金额
Withdrawal_1009,Minimum withdrawal is #1#,最小提现金额：#1#
Withdrawal_1010,Processing Fee,手续费
Withdrawal_1011,Withdrawal Amount,提现金额
Withdrawal_1012,Submit,提交
Withdrawal_1013,Balance Information,账户余额
Withdrawal_1014,Current Balance,当前余额
Withdrawal_1015,Your current balance includes both cash available to withdraw and Bonus Cash.,您当前的余额包括可提现金额和奖励金金额。
Withdrawal_1016,Bonus Balance,奖励金
Withdrawal_1017,Bonus Cash can only be used to enter cash games and cannot be withdrawn.,奖励金只可用于参与现金赛，不可用于提现。
Withdrawal_1018,Available to Withdrawal,可提现金额
Withdrawal_1019,Cash available for withdrawal.,可提现现金的金额。
Withdrawal_1020,Withdrawal Information,提现信息
Withdrawal_1021,"1. Withdrawals under $10.00 are subject to a $1.50 processing fee.The minimum withdrawal is $2.00.<br/>2.Bonus cash cannot be withdrawn. When you submit a withdrawal application, all of the Bonus Cash you have will be:<br/>1) Frozen while your withdrawal application isprocessing; <br/>2) Forfeited after the Withdrawal Application isapproved and/or the Withdrawal Amount is sent.<br/>",1，提现低于$10.00需支付$1.5的手续费，最低提现金额为$2.00；<br/>2，奖励金不可提现，在您提交提现申请时，你的奖励金将：<br/>1）在提交提现申请后被冻结；<br/>2）在提现申请通过/完成后将被回收。
Withdrawal_1022,OK,确定
Withdrawal_1023,Current Withdrawal Progress,当前提现进度
Withdrawal_1024,Application Received,收到提现申请
Withdrawal_1025,Processing,处理中
Withdrawal_1026,Your application will be processed in 3 bussiness days.,您的申请将在3个工作日内进行处理。
Withdrawal_1027,Withdrawal Sent,提现放款
Withdrawal_1028,"Once initial processing is complete,please allow an additional 3-5 business days for bank processing.",申请通过后，银行需要3-5个工作日进行放款处理。
Withdrawal_1029,Cancel Withdrawal,取消提现
Withdrawal_1030,You have cancelled your withdrawal.Your cash/bouns cash has been returnd to you.,您已取消提现，您的现金/奖励金已返还给您。
Withdrawal_1031,Not Approved,未通过
Withdrawal_1032,Your application isn't approved for following reason(s):,您的提现因为以下原因未通过：
Withdrawal_1033,your withdrawal Amount and frozen Bonus cash have been returned to your account balance.,您的提现金额和奖励金已经退回到您的账户。
Withdrawal_1034,Withdrawal Sent Completed,提现已完成
Withdrawal_1035,Withdrawal have sent to your bank card.,提现金额已发放到您的银行卡。
Withdrawal_1036,Withdrawal Information,提现信息
Withdrawal_1037,Frozen/Forfeited Bonus Cash,冻结/回收奖励金
Withdrawal_1038,Processing Fee,手续费
Withdrawal_1039,Withdrawal Amount,提现金额
Withdrawal_1040,Total Transaction Amount,总交易金额
Withdrawal_1041,Application ID,提现ID：
Withdrawal_1042,Any problems? Contact us>,遇到问题？联系我们>
Withdrawal_History_1001,Processing,处理中
Withdrawal_History_1002,Cancelled,已取消
Withdrawal_History_1003,Withdrawal Sent,等待放款
Withdrawal_History_1004,Completed,已完成
Withdrawal_History_1005,Not Approved,未通过
Withdrawal_History_1006,last Update: ,更新时间：
Save_Account_1001,Register your account,注册账号
Save_Account_1002,You're so close to a real cash prize!Please save your account to keep it safe.,为了确保您账户资金安全 ，请保存您的账号！
Save_Account_1003,Continue with email,邮箱注册
Save_Account_1004,Continue with Facebook,Facebook注册
Save_Account_1005,Continue with phone,手机注册
Save_Account_1006,Continue with apple,Apple注册
Save_Account_1007,This account already existed.,此账号已经注册！
Email_1001,Connect with Email,邮箱注册
Email_1002,Email,邮箱
Email_1003,Password,输入密码
Email_1004,Repeat the Password,重复输入密码
Email_1005,"Password: 6-20 characters , at least one letter and at least one number",密码：6-20个字符，至少一个字母和一个数字。
Email_1006,Or Login with,其他方式
Email_1007,Account saved successfully,账号注册成功
Email_1008,Your email is incorrect,您输入的邮箱地址不正确
Email_1009,Your password format is not correct,您输入的密码格式不正确
Email_1010,The two passwords you entered were inconsistent,您输入的两个密码不一致
Email_1011,Manage Accounts,管理账号
Email_1012,Link your account with your email address. You can use your email address to log in and reset your password.,将您的账号与您的邮箱相关联，你可以使用邮箱进行登录或找回密码。
Email_1013,Comfirmed,确认
Email_1014,Send again,重新发送
Email_1015,Email sent.Open your email and click the confirmation link with in 30 minutes.,邮件发送成功！请前往邮箱点击邮件中的链接，链接30分钟内有效！
Email_1016,Account saved successfully,账号保存成功 
Email_1017,Please confirm the E-mail first.,请先前往邮箱查看邮件！
Email_1018,Send successfully,发送成功！
Email_1019,Email Verification,邮箱验证
Email_1020,You must verify your email address to perform this action.Please check your email and follow the instructions to complete the verification process. Please enter a new E-mail address if you want to change the email linked to your account.,您必须先验证您的邮箱再进行此操作！请先检查您的邮箱并按照说明完成验证过程。如果您想更改绑定的邮箱，请输入您的邮箱并进行验证。
Email_1021,Send Email,发送邮件
Email_1022,Please input a new email address,请输入一个新的邮箱地址！
Email_1023,"Sending emails too frequently, please try again later.",邮件发送太过频繁，请稍后再试。
Phone_1001,Please select your region and enter the phone number you wish to login,请选择您所在的地区并输入您要登录的手机号！
Phone_1002,Send Code,发送验证码
Phone_1003,Or Login with,其他登录方式
Phone_1004,An authentication code has been texted to you. Please check to make sure vou've received it.,验证码已通过短信发送给您，请注意查看！
Phone_1005,Oops!The number you entered is invalid. Please try again！,很遗憾！你输入的号码无效，请重试！
Phone_1006,Send Code,重新发送
Phone_1007,Enter Code,输入验证码
Phone_1008,Submit,提交
Phone_1009,Account saved successfully,账号保存成功
Phone_1010,This authentication code is expired！,您输入的验证码已过期！
Phone_1011,This authentication code is incorrect！,您输入的验证码不正确！
Phone_1012,Please enter the code of your phone number you want to modify.,请输入你要更改的手机号验证码！
Phone_1013,Please select your region and enter the new phone number you wish to login.,请选择您所在的地区并输入您要绑定的新手机号！
Account_1001,UID:,UID:
Account_1002,Copy ,复制
Account_1003,Phone Number,电话号码
Account_1004,Email,邮箱
Account_1005,Link,未链接
Account_1006,Swich Accounts,切换账号
Account_1007,Linked Accounts,关联账号
Account_1008,Save Account,保存账号
Account_1009,Login,登录
Balance_1001,Cash,现金
Balance_1002,Tickets,奖券
Balance_1003,Others,其他
Balance_1004,My Cash,我的现金
Balance_1005,Cash (Available to Withdraw),现金（可提现）
Balance_1006,Bouns,奖励金
Balance_1007,My Tickets,我的奖券
Messages_1001,My Messages,消息
FAQ_1001,FAQ,FAQ
FAQ_1002,Contact us,联系我们
FAQ_1003,Player Support,用户支持
FAQ_1004,Report a Problem,报告问题
FAQ_1005,My Report,我的问题
FAQ_1006,*Please select an issue.,*请选择一个问题类型
FAQ_1007,Enter Match Id (If applicable),请输入比赛代码（如需要）
FAQ_1008,*Describe the issue in less then 140 words.,*请用少于140个字描述问题。
FAQ_1009,Insert up to three images ( less than 3MB pre image ) .,最多上传3张图片（单张小于3MB）
FAQ_1010,Please describe your your problem/suggestion in detail. We will get back to you ASAP.,请详细描述您的问题或建议，我们会尽快回复您！
FAQ_1011,Send,发送
FAQ_1012,You have entered too many words.Please describe the issue in less then 140 words.,您输入的文字过多，请用少于140字描述您的问题。
FAQ_1013,Plaase insert a image  less than 3MB.,请上传小于3MB的图片
FAQ_1014,Account Inquiry,账户查询
FAQ_1015,Deposit and Billing,充值和计费
FAQ_1016,Report a Crash,报告崩溃
FAQ_1017,Report Cheating,举报作弊
FAQ_1018,Report Bug,报告BUG
FAQ_1019,Feedback,反馈
FAQ_1020,Other issue,其他问题
FAQ_1022,Reply,回复
Ticket_Store_1001,Ticket Store,奖券商城
Ticket_Store_1002,My Tickets,我的奖券
Ticket_Store_1003,Transactions,奖券流水
Ticket_Store_1004,Balance,余额
Ticket_Store_1005,See More,查看更多
Ticket_Store_1006,All,全部
Ticket_Store_1007,Bonos Cash,奖励金
Ticket_Store_1008,Tech,数码
Ticket_Store_1009,Oops… The rewards in kind is not available per your state's law.,很抱歉！受您所在地区法律的影响，实物奖励暂不可用！
Results_1001,Welcome Back-You have #1# results,欢迎回来-您有#1#条比赛结果
Results_1002,OK,确定
Results_1003,You have #1# results,您有#1#条比赛结果
FAQ_Main_1101,General,基础信息
FAQ_Main_1201,Games,游戏相关
FAQ_Main_1301,Fairness,公平
FAQ_Main_1401,Deposit and Withdrawal,充值和提现
FAQ_Main_1501,Account,账号相关
FAQ_Main_1601,Others,其他
Question_1101,what is this app?,这个App是做什么的？
Question_1102,What are Game Levels and Platform Level?,什么是游戏等级和平台等级？
Question_1103,what is Bonus Cash?,什么是奖励金？
Question_1104,What are Tickets? What is the Ticket Store?,什么是奖券？什么是奖券商城？
Question_1105,How do i win money on this app?,我如何在此App上赢钱？
Question_1106,Why are cash games not available in my region?,为什么现金比赛在我的地区不可用？
Question_1201,How do the games working?,比赛是如何运作的？
Question_1202,what are 1v1 matches?,什么是1v1比赛？
Question_1203,what is a Multiplayer game?,什么是多人游戏？
Question_1204,How does ranking work and how do i get ranking prizes?,排行榜如何运作以及如何获得排名奖励？
Question_1301,How do you ensure that matches are fair?,你如何确保比赛公平？
Question_1302,How do l know that my opponent isn't cheating?,我怎么知道我的对手没有作弊？
Question_1303,what is a Match ID? How can l find and copy the Match ID?,什么是比赛ID？ 我如何找到并复制比赛ID？
Question_1304,Why is the app still searching for an opponent for me? why did my match get cancelled?,为什么仍在为我寻找对手？为什么我的比赛被取消了？
Question_1305,What if my match ends in a draw?,如果我的比赛以平局结束怎么办？
Question_1401,How do i deposit money into my game account?,我如何将钱存入我的游戏帐户？
Question_1402,What is Limited-Time Bonus Cash?,什么是限时优惠礼包？
Question_1403,How do i withdraw cash?,我如何提现？
Question_1404,What is the withdrawal tax?,什么是提现手续费？
Question_1405,How can i see my balance? ,如何查看我的余额？
Question_1501,How do i create an account? ,如何创建帐户？
Question_1502,What should i do if i forget my password?,如果忘记密码怎么办？
Question_1503,Why do you need my personal information? How will it be used?,为什么需要我的个人信息？ 它将如何使用？
Question_1504,Why didn't i receive my sign-up verification email?,为什么我没有收到注册验证电子邮件？
Question_1505,How do i change my username?,如何更改我的用户名？
Question_1506,Can i use the same account on different apps?,我可以在不同的应用程序上使用同一个帐户吗？
Question_1601,How do i contact customer service?,我如何联系客户服务？
Answer_1101,"This is a casual competitive gaming app. On this app, you can compete with other players and get prizes by winnings games. We will not provide users with opportunities to cheat, all prizes depend on your ability.<br/>We offer 1v1 games, Tournaments, Events, Multiplayer games, and many other match modes. In 1V1 Ticket Games and Cash Games, the winner gets all of the prizes. in Tournaments, Events, and Multiplayer games,the top players split the prize pools with players who rank higher getting larger prizes.<br/>Players are only matched against each other when their skill levels are similar, so it may take some time to find an opponent.",这是一款休闲竞技类游戏应用。您可以在应用上与其他玩家竞技，并通过胜利赢取游戏奖品。我们不会为用户提供作弊机会，所有奖品取决于您的能力。<br/>我们提供 1v1 游戏、锦标赛、活动赛、多人赛等各种比赛模式。在1V1奖券比赛和现金比赛中，获胜者将获得所有奖品。在锦标赛、活动赛和多人赛中，排名靠前的玩家瓜分奖池，排名越高，获得的奖品更丰厚。<br/>玩家只会与自己相同水平的对手相匹配，因此可能需要一些时间才能找到对手。
Answer_1102,"We want players to feel a sense of accomplishment as they play through the various games on our platform. Gamers can show off their unique accomplishments with Levels. A Game Level displays your master of a specific game. Your platform Level shows off your experience by taking all the titles you play into account. If you work hard enough, you can reach level 100 and truly show your game mastery!<br/><br/>Statement:<br/>You can gain exp by winning games. The exp gained in each game can increase the platform level,  but only the level of the current game.",我们希望玩家在玩我们平台上的各种游戏时拥有成就感，因此通过等级来展示他们独特的成就。其中游戏等级反映了您对特定游戏的掌握程度，而您的平台等级则反映了您玩过的所有游戏的总体验程度。如果你足够努力，你可以达到100级，真正展现你对游戏的掌握！<br/><br/>备注：<br/>您可以通过赢得比赛获得经验，不同游戏每场比赛获得的经验值可以提升平台等级，但仅可提升当前游戏的等级。
Answer_1103,"Bonus Cash is an in-game currency that can beobtained from various game modes and used to enter Cash Games.<br/><br/>Players can receive Bonus Cash prizes in matches with a cash Entry Fee requirement,Free Entry Events,activities such as Lucky Box,Spin coin and so on.<br/><br/>When you enter a Cash Game, $0.01 of your Bonus Cash of every $0.10 spent will be used to pay the Entry Fee .However, if Bonus Cash is the only currency available in your account, or the real cash in your Balance does not cover 90% of the entry fee, additional Bonus Cash will be used to enter the Cash Game.<br/><br/>When you win a Cash Game, any Bonus Cash that you have used to pay the Entry Fee will be returned to you and any additional winnings beyond your Entry Fee will be paid in Dollars.<br/><br/>lf you haven't entered a Cash Game in the past 7 days, all Bonus Cash in your Account may be forfeited.<br/><br/>When you apply for a withdrawal, your Bonus Cash will also be frozen and be forfeited once your application is approved. If your withdrawal is canceled or rejected, the Bonus Cash will be returned to your account.",奖励金是游戏内的奖励货币，它可以用于参加现金比赛。您可以从免费比赛、幸运宝箱、幸运转盘等活动中获得奖励金。<br/><br/>当您进入现金比赛，入场费每消耗0.10 美元，奖励金可以抵扣0.01美元。如果奖励金是您账户中唯一可用的货币，或者您的现金余额不足入场费的90%，则剩余的入场费可全额使用奖励金抵扣。<br/><br/>当您赢得现金赛时，您入场支付的奖励金将全额退还，超出的奖励将以美元进行发放。<br/><br/>如果您在过去 7 天内没有参加现金比赛，您的奖励金有可能被回收。<br/><br/>当您进行提现申请时，您的奖励金将被冻结。如果您的提款被取消或拒绝，奖金金将退还给您。
Answer_1104,"1. What are Tickets?<br/>Tickets are an in-game currency that can be earnedfrom matches, mini-games, and other events. You can use Tickets to enter Ticket Games and redeem items inthe Ticket Store.However, if you are located in a state where money winning apps are illegal, you will not beable to enter the Ticket Store.<br/>You can get Tickets from:<br/>-Cash Games (matches that require a cash Entry Fee)<br/>-Ticket Games (matches that require a Ticket Entry Fee)<br/>-Tasks (7-Day Challenges and Daily Challenges)<br/>-Lucky Boxes<br/>-The Bonus Wheel<br/>-Other time-limited activities<br/>2. What is the Ticket Store?<br/>The Ticket Store is where you can use Tickets toredeem a variety of items. The more Tickets you have, the better prizes you can redeem.",1. 什么是奖券？<br/>奖券是游戏中的一种货币，可以从比赛、小游戏和其他活动中获得。您可以使用奖券进入奖券比赛，获得的奖券还可以在奖券商城中兑换物品。但是，如果您所在的国家/地区的法律不允许，您将无法打开奖券商城。<br/>您可以通过以下方式获取奖券：<br/>-现金比赛（需要现金入场费的比赛）<br/>-奖券比赛（需要奖券入场费的比赛）<br/>-任务（7天挑战和每日挑战）<br/>-幸运奖励<br/>-幸运转盘<br/>-其他限时活动<br/>2. 什么是奖券商城？<br/>您可以在奖券商城中使用奖券来兑换各种物品。您拥有的奖券越多，您可以兑换的奖品就越好。
Answer_1105,"You can get cash prizes by winning matches that have cash prize pools, including but not limited to 1v1 Cash Games, Cash Fever in Ticket Games, Tournaments (where cash prizes are available for the top players), Events (where cash prizes are available for a<br/>certain number of winners, depending on the event). A cash or Ticket Entry Fee may be required to play the match modes listed above, with the exception of Free Entry events. The Entry Fee requirement can be found on the bottom right side of the match entrance. By playing these matches, the winner(s) may receive a cash prize. A percentage of the cash winnings is real cash. Players can withdraw the real cash from their balance at any time. Once your withdrawal application is approved, we will send out your withdrawal as soon as possible.<br/>There are other mini-games and events where players can get Bonus Cash prizes, such as  Bonus Wheel and Lucky Box.",您可以通过赢得有现金奖池的比赛来获得现金奖励，包括但不限于1v1现金比赛、奖券比赛的现金奖励比赛、锦标赛（顶级玩家可获得现金奖励）、活动（部分活动，获胜者可获得现金奖励）。 除免费入场赛事除外，参加上述比赛模式需要支付现金或门票才可入场。参赛费用可在比赛入口的右下角找到。通过参与这些比赛，获胜者可以获得现金奖励。现金比赛的一部分是真实现金，玩家可以随时从使用他们余额中的现金进行提现。 一旦您的提现申请获得批准，我们将尽快完成您的提款。<br/>您还可以参与其他小游戏和活动，通过这些获得可以获得奖励金，例如幸运转盘和幸运宝箱。
Answer_1106,"Due to the laws in your region, cash games may not be allowed. You can go to the ticket games to enjoy the fun of the match, the ticket game is also fair and fun.<br/>Of course, when you want to deposit，play cash games,withdrawal, and other operations, we need to obtain your location information, please authorize us your location so that we can better serve you.",根据您所在地区的法律，可能不允许玩现金比赛。单您还是可以通过玩奖券比赛享受比赛的乐趣，奖券比赛也同样公平有趣。<br/>当然，当您进行充值、现金比赛、提款等操作时，我们需要获取您的位置信息，请授权我们您的位置，以便我们更好地为您服务。
Answer_1201,"We divide the games into asynchronous games and synchronous games.<br/>In asynchronous games, we will match players with similar strengths together. If the ""challenger"" is not matched temporarily (most common in some competitions with higher entry fee), the players will play first and remain in the waiting state. If the ""challenger"" is not matched after 24 hours, we will automatically cancel the match and refund your entry fee. In an asynchronous game, both players play the same match with the same conditions, but they do not have to play at the same time. The moves that one player makes do not affect the other player’s game.<br/>A few of our games are synchronous, meaning both players play simultaneously, which means that the two players will settle in synchronous after the game is over.<br/>Although most matches are asynchronous, we will never match two games that have already finished and have a score, since a player’s skill level is always assessed before a game is played, We will not match opponents beyond the player's skill level.",我们将比赛分为异步游戏和同步游戏。<br/>在异步游戏中，我们会将实力相近的玩家配对在一起。如果“挑战者”暂时未匹配到（在一些入场费较高的比赛中最为常见），玩家将先进行比赛并保持在等待状态。 如果“挑战者”24小时后仍未匹配到，我们将自动取消比赛并退还您的报名费。在异步游戏中，两个玩家在相同的条件下进行相同的比赛，但他们不必同时进行。一个玩家的动作并不会影响另一个玩家的游戏。<br/>我们有一些游戏是同步的，这意味着两个玩家可以同时比赛，也意味着两个玩家将在游戏结束后同步进行结算。<br/>虽然大多数比赛是异步的，但我们永远不会匹配已经完成并有分数的两场比赛，因为我们是在比赛开始之前评估玩家的技能水平并进行匹配，我们不会匹配超出玩家技能水平的对手。
Answer_1202,"ln a 1v1 match, a player is matched with and plays against an opponent with a similar skill level. Most of the Cash Games and Ticket Games are 1v1 matches unless they are labeled other wise at the bottom of the match entrance.For example, there can be Multiplayer matches in Ticket Games that allow 5 or more players to compete against each other.",在1v1比赛中，玩家与具有相似技能水平的对手匹配并与之竞技。大多数现金比赛和奖券比赛都是1v1比赛，除非它们在比赛入口底部有其他标记。例如，奖券比赛中可以有多人比赛，允许5名或更多的玩家进行竞技。
Answer_1203,"Multiplayer games include tournaments, events, etc. The tournament requires multiple rounds, each round is played against the matched opponent, and the winner advances to the next round until the champion is determined. In the event games, players compete for prizes based on their scores in a match. Most event matches can participate multiple times and will be ranked according to your highest score.<br/>To make sure Multiplayer matches are fair, all playersplaying the same match will have identical game boardsand be matched against players of a similar skill level. Iftwo players end the game with the same final score, theplayer who finishes first will be ranked higher.<br/>A Multiplayer match will be canceled if there are notenough players joining the match within 24 hours. Inthis case, your existing score will be canceled and yourEntry Fee will be refunded.<br/>You can see the status of your opponents' matches in""Pending Games"" in the Result tab.<br/>Players will receive prizes corresponding to their resultsafter a match ends.Prize information can be found onthe match's result page or in their balance.",多人游戏包括锦标赛、活动赛等等。其中锦标赛需要进行多个轮次，每轮和匹配到的对手进行游戏，获胜的玩家晋级并进行下一轮比赛，直至决出冠军。在活动赛中，玩家根据他们在一场比赛中的得分来争夺奖品，大部分活动赛都可参与多次并按照您的最高分进行排名。<br/>为确保多人比赛的公平性，所有参加同一场比赛的玩家将拥有相同的比赛内容，并与技能水平相似的玩家进行匹配。如果两名玩家以相同的最终得分结束游戏，则首先完成的玩家排名更高。<br/>如果在24小时内没有足够的玩家加入比赛，多人比赛将被取消。在这种情况下，您获得的分数将被取消，您的报名费将被退还。<br/>您可以在“主页”选项卡的“正在进行比赛”中查看对手的比赛状态。<br/>比赛结束后，玩家将获得与其排名相对应的奖品。奖品信息可以在主页“已完成比赛”或余额中页面中找到。
Answer_1204,"We have two ranks: CASH Rank(Rank by the Gold Medals) and TICKET Rank(Rank by the Silver Medals).Winners of Cash Games can get Gold medals, and winners of Ticket Games can get Silver medals. The medals players have won are shown on the match result page.<br/><br/>In the Rank tab, players are ranked based on the number of medals they have. When different players earn the same number of medals, the player who reaches that number first will rank higher. After each Ranking ends, the ranking prizes will be sent to the players' balance automatically. Players' medals will be also reset after each Ranking ends. The Ranking may last for seven days, three days, or one day and the prizes may include cash or Tickets. <br/><br/>Statement:<br/>The ranking is based on all our games, Players on our games are all eligible in the same ranking.",我们有两个排行榜：现金排行（按金色勋章排序）和奖券排行榜（按银色勋章排序）。现金比赛的获胜者可以获得金色勋章，奖券比赛的获胜者可以获得银色勋章。玩家赢得的勋章数量将显示在比赛结果页面上。<br/><br/>在排行榜中，玩家将根据他们拥有的勋章数量进行排名。当不同的玩家获得相同数量的勋章时，首先达到该数量勋章的玩家排名更高。在排行榜结算倒计时结束后，排行榜结算奖励将自动发送至玩家余额中。且每次排行榜结算后，玩家的勋章也将被重置。排行榜可能持续7天、3天或1天，奖品可能包括现金或奖券。<br/><br/>注意：<br/>排名基于我们所有的游戏，我们游戏中的玩家都有资格参与排行榜。
Answer_1301,"1. Matching & Fair<br/>A fair and secure matching algorithm is the technical basis for fair gaming. Making sure that players are matched by skill level has always been a major focus of our app development. We also take questions of fairness and accusations of cheating very seriously. If you have any concerns about the fairness of a game, feel free to reach out to Player Support. <br/>2.Same Match<br/>We use the corresponding match generation mechanism , to ensure both players play the same match with the same conditions. Players have the same initial board and the same refreshed pieces. It is the player's actions that determine the player's score.",1. 匹配与公平<br/>公平安全的匹配算法是公平博弈的技术基础。确保玩家按照自己的技能水平匹配一直是我们开发的重点。我们也非常认真地对待公平问题和作弊问题。如果您对游戏的公平性有任何疑问，请随时通过“玩家支持”页面联系我们。<br/>2.相同比赛<br/>我们使用相同的比赛生成机制以确保两个玩家在相同的条件下进行相同的比赛。同个比赛的玩家拥有相同的初始界面和相同的刷新内容。而玩家的操作影响玩家的得分。
Answer_1302,"We do not tolerate cheating or fraud under any circumstances. We are continually working to prevent activities that take advantage of the platform. If you suspect that cheating has occurred in a match, you can report the Match ID to Player Support, and we will look into the case. Any player who cheats will be permanently banned from our apps. To prevent the misuse of this feature, we will not share the details of the investigation with anyone.",在任何情况下，我们都不会容忍作弊或欺诈。我们一直在努力防止利用该平台进行作弊活动。如果您怀疑比赛中发生作弊行为，您可以将比赛ID通过玩家支持举报给我们以便我们进行调查处理。任何作弊的玩家都将被永久禁止使用。为防止玩家滥用此功能，我们不会与任何人分享调查的详细信息。
Answer_1303,"A Match ID is an identifier for a match you have played.To help check the details of a match, Player Support will usually ask you for a Match ID when you report an issue on a match.To find a Match ID, go to the Result tab and tap on the match you want to check. The Match ID is located at the bottom of the result page under the Date.<br/>To copy a Match ID, click the copy botton and then you will copy  Match ID successfully.<br/>For questions regarding a match, go to Menu in the top right corner -> Help Center -> Contact Us, and paste the Match ID in the textbox ""Enter Match ID."" Send your questions or feedback, as well as the Match ID send to us, so that we can better understand the issue and answer your question.",比赛ID是您参加过的比赛的标识符，是为了更方便帮助检查比赛的详细信息。当您报告比赛问题时通常会要求您提供比赛ID。要找到比赛ID，请访问个人主页，然后点击您要查找的比赛结算结果，比赛ID位于结算界面底部的日期下方。<br/>如果需要复制比赛ID，请单击比赛ID后的复制按钮，然后您将成功复制比赛ID。<br/>如果您要咨询比赛的问题，请点击右上角的菜单按钮 -> 帮助中心 -> 联系我们，然后将比赛ID 粘贴到文本框“输入比赛ID”中。 将您的问题以及比赛ID 发送给我们，以便我们更好地了解问题并进行回答。
Answer_1304,"You will be matched with an opponent of a similar skill level. Sometimes it takes time to find someone who is as skilled as you are.<br/>In 1v1 games, opponent searching can be valid for up to 24 hours if an opponent of similar skill is not available. A match will be canceled after 24 hours if an opponent of similar skill cannot be found, and the Entry Fee will be refunded to your balance automatically.<br/>In Tournaments, if the number of players fails to reach the required number of participants within 24 hours, the Tournament will be canceled and the Entry Fee will be refunded to your balance automatically. You may start a new match while we search for an opponent for you.",在匹配时，您将与技能水平相近的对手相匹配。因此有时需要一定的时间才能找到与您一样技能水平的对手。<br/>在1v1游戏中，如果没有找到相近技能的对手，匹配时间最长可达24小时。 在 24小时后若仍找不到相近技能的对手，比赛将被取消，参赛费将自动退还到您的余额中。<br/>在锦标赛中，如果参赛人数在24小时内未达到规定的参赛人数，锦标赛将被取消，报名费将自动退还到您的余额中。 当我们为您寻找对手时，您可以开始新的比赛。
Answer_1305,"In 1v1 games, if your match ends in a draw, you will need to have a rematch with the same opponent within 24 hours, of which the result will be final. Absence from the rematch will result in a score of 0.<br/>However, the two players will receive half of their prize(s) if:<br/>1. both players are absent from the rematch; or<br/>2. the rematch also ends in a draw.<br/>In Tournaments, events and Multiplayer games, if two or more players reached the same final score, the player who finishes the game earlier will rank higher.",在1v1比赛中，如果您的比赛以平局结束，您需要在24小时内与同一对手进行决胜局，决胜局结果将是最终结果。缺席决胜局将被记为0分。<br/>但是，如果出现以下情况，两名玩家将各获得一半的奖金：<br/>1. 双方选手均缺席决胜局；<br/>2. 决胜局也以平局告终。<br/>在锦标赛、活动赛和多人赛中，如果两名或更多玩家获得相同的分数，则较早完成比赛的玩家排名更高。
Answer_1401,"You can make deposits into your game account byfollowing the steps below:<br/>1. Go to the Deposit tab.<br/>2. Tap one of the Deposit Amount options in the Deposit tab.<br/>3. Select a payment method. You can choose from credit/debit card, PayPal and other payment method.<br/>4. Enter your payment information on the payment page, ensuring that there are no mistakes.<br/>5. Complete the payment by tapping the payment button at the bottom.<br/>The amount you deposited will be added to your balance right away. You can find your new balance information by tapping the Menu icon in the top right corner and tapping ""Balance"".",您可以按照以下步骤向您的游戏账户充值：<br/>1，转到存款页面；<br/>2，点击存款中的存款金额选项之一；<br/>3，选择付款方式，你可以选择信用卡/借记卡、PayPal和其他付款方式；<br/>4，在支付页面输入您的支付信息，确保没有错误；<br/>5，点击底部的支付按钮完成支付；<br/>您存入的金额将立即添加到您的余额中。您可以通过点击右上角的菜单图标并点击“余额”来找到您的新余额信息。
Answer_1402,"We sometimes advertise promotional Bonus Cash offers via email or through in-app promotions.After you verify your email account, you will receive limited-time offers that we push to you from time to time. You can also log in to the game at any time to check if there are the latest special offers. Note that not all offers are available to all players. If you don’t see the special offer on the Store screen, please check back again soon.",我们有时会通过电子邮件或游戏内宣传限时优惠礼包。在您验证您的电子邮件帐户后，您将不定时收到我们为您准备的限时优惠礼包。您也可以随时登录游戏查看是否有最新的特价优惠。请注意，并非所有优惠都适用于所有玩家。如果您没有在商店屏幕上看到限时优惠，请稍后再回来查看。
Answer_1403,"You can withdraw cash by submitting a withdrawal application. To submit a withdrawal application, please tap the Menu icon in the top right corner and tap ""Withdrawal."" Your current balance information is shown on the top section of the page. You can enter a withdrawal amount next to the dollar sign in the ""Withdrawal Information"" section. After you enter an amount, you will be able to see the amount of Bonus Cash that will be forfeited after the withdrawal, the processing fee the withdrawal will cost, the withdrawal amount you will receive, and the total transaction amount that will be deducted from your balance. Tap the ""Submit"" button at the bottom of the page to submit the withdrawal application. Please note that all of the Bonus Cash you have will be:<br/>Frozen while your withdrawal application is being processed; and Forfeited after the withdrawal application is approved and/or the withdrawal amount is sent.<br/>It may take 10 or more business days for your bank to receive the Withdrawal Amount. If you do not receive your Withdrawal Amount during the time indicated, please feel free to reach out to our customer service agents by going to ""Player Support"" in the app.",您可以通过提交提现申请来提取现金。要提交提现申请，请点击右上角的菜单图标，然后点击“提现”。您当前的余额信息显示在页面的顶部。您可以在“提款信息”部分的输入框旁边输入提现金额。输入金额后，您将能够看到提款后将被没收的奖励金金额、提现手续费、实际收到的提现金额以及将从中扣除的总金额。点击页面底部的“提交”按钮提交提现申请。请注意，在您提交提现申请时，您拥有的所有奖励金将被：<br/>在您提交提现申请时被冻结；并且在提现申请获得批准和/或提现金额发送后被没收。<br/>您的银行可能需要10个或更多个工作日才能收到体现金额。如果您在指定的时间内没有收到体现金额，请随时通过应用程序中的“玩家支持”与我们联系。
Answer_1404,"For any funds added to your account, your account will be credited for the amount deposited net of service fees to cover the costs we need to pay for the transaction; the service fee for each deposit is equal to15% of the amount deposited into your account and will be charged when you submit a withdrawal application.<br/><br/>The service fee, however, is waived when 50% of the amount of cash deposited into your account has been used to pay Entry Fees of games in the game.<br/><br/>For example, if you deposit $100 and then attempt towithdraw $90, in order to avoid having to pay the withdrawal tax,you must first join matches with entryfees that total at least $50($100 x 50%= $50).(The $50entry fee threshold could be met with, for example, one $50 entry or 10 $5 entry matches). Otherwise, when you make a withdrawal, you must pay a tax equal to 15% of the withdrawal amount. In this case, you would have to pay $13.50 ($90 x 15%)on a $90 withdrawal.<br/><br/>Statement:<br/>Withdrawals under $10.00 are subject to a $1.50 processing fee.The minimum withdrawal is $2.00, and the withdrawal amount must be a whole number.",对于充值到您账户的资金，应为扣除服务费后剩余的金额，服务费为我们支付给支付渠道的交易费用；每笔存款的服务费等于存入您账户的金额15%，服务费将在您提交提现申请时收取。<br/><br/>但是，当存入您账户的现金金额的50%已用于支付游戏中的游戏入场费时，服务费将被免除。<br/><br/>例如，如果您存入100美元，然后尝试提取 90 美元，为了避免支付手续费，您必须首先参加总入场费至少为 50 美元的比赛（100 美元 x 50%= 50 美元）。（50 美元入场费，例如，可以通过参参与一场50 美元的比赛或 10 个 5 美元的比赛来满足条件）。 否则，当您提现时，您必须缴纳相当于取款金额 15%的手续费。 在这种情况下，您必须为 90 美元的提款支付 13.50 美元（90 美元 x 15%）。<br/><br/>注意：<br/>低于 10.00 美元的提款需支付 1.50 美元的手续费。最低提款为 2.00 美元，且提款金额需为整数。
Answer_1405,"You can go to Menu in the top right corner -> balance. On the cash balance page, you can view the Cash that Available to Withdraw and the Bonus Cash you have. You can also view their detailed account changes on the page.",您可以转到右上角的菜单-> 余额。 在现金余额页面，您可以查看可提取现金和您拥有的奖励金金额。您还可以在页面上查看他们的详细账变。
Answer_1501,"When you open the game for the first time, you are automatically signed as guest. To update your account:<br/>1. Tap the icon on the top right of the main menu page.<br/>2. Tap Account<br/>3. Tap Save Account in the account page.",当您第一次打开游戏时，您将使用游客登录。要升级您的帐户：<br/>1.点击主菜单页面右上角的图标。<br/>2.点击账户<br/>3.在账户页面点击保存账户。
Answer_1502,You can reset your password by tapping "Forgot your password?" on the sign-up/log-in page.,您可以在注册/登录界面上点击“忘记密码？”按钮来重置密码。
Answer_1503,"Your personal information will only be used for withdrawal applications. When you submit a withdrawal application, we require your personal information, including your name, phone number, address, and PayPal account to verify your identity and make sure the withdrawal amount will be sent to you directly. Our developer uses various measures, including access control and authenticated encryption, to secure players' data, including personal information and game records. Your personal information will never be given to any third party or used for any other purpose.",您的个人信息将仅用于提现。当您提交提现申请时，我们需要您的个人信息，包括您的姓名、电话号码、地址和PayPal账户，以验证您的身份，并确保提现金额将直接发送给您。我们使用包括访问控制和身份验证等加密措施，以保护玩家的数据，包括个人信息和游戏记录。 您的个人信息绝不会提供给任何第三方或用于任何其他目的。
Answer_1504,"A sign-up verification email will be sent to your email address when it is successully linked to your account. If you have not received the email, try doing the following:<br/>1. Check your spam folder.<br/>2. Try linking your email to your account again by tapping the Menu icon -> ""Manage Accounts"" -> ""Connect your email."" Make sure you enter the correct email address before you tap the ""Add Email Account"" button.<br/>3. If you still haven't received a verification email, please contact our customer service agents through ""Player Support"" in the app.",注册验证电子邮件将在成功链接到您的帐户后发送到您的电子邮件地址。 如果您没有收到电子邮件，请尝试执行以下操作：<br/>1. 检查您的垃圾邮件文件夹。<br/>2. 点按菜单图标 ->“管理帐户”->“连接您的电子邮件”，再次尝试将您的电子邮件链接到您的帐户。 在点击“添加电子邮件帐户”按钮之前，请确保输入正确的电子邮件地址。<br/>3. 如果您仍未收到验证邮件，请通过游戏中的“玩家支持”与我们联系。
Answer_1505,"When you open the game for the first time,you may only change your username once, To change you username: <br/>1. Tap your profile picture in the top left corner and enter your Profile page. <br/>2. Tap the edit icon in the top right corner.<br/>3. Tap your Nickname and start editing.<br/>4. Tap ""Submit"" button after editing.<br/><br/>But if you have no times, you need a ""Rename Card."", you can change your username by following thesesteps:<br/>1. Go to the Ticket Store.<br/>2. Redeem a ""Rename Card.""<br/>3. Then you can follow the steps above to modify your nickname.",当您第一次打开游戏时，您可以更改一次用户名，要更改您的用户名：<br/>1，点击左上角您的头像，进入您的个人资料页面；<br/>2，点击右上角的编辑图标；<br/>3，点击您的昵称并开始编辑；<br/>4，编辑完成后点击“提交”按钮。<br/><br/>但是如果你没有更改次数，你需要一张“改名卡”，你可以按照以下步骤更改你的用户名：<br/>1，前往奖券商城；<br/>2，兑换“改名卡”；<br/>3，然后就可以按照上面的步骤修改昵称了。
Answer_1506,You may use your account to log in to different apps provided by GaoShou. You can also share the same account balance between these accounts.,您可以使用您的帐户登录高手提供的不同应用程序。 您还可以在这些帐户之间共享帐户余额。
Answer_1601,You can send us a message by tapping the Menu icon in the top right corner -> "Help Center" ->"Contact Us".<br/>You may select an issue and describe the issue in less then 140 words. You may also Insert up to three images(less than 3MB pre image). We will get back to you ASAP.,您可以通过点击右上角的菜单图标->“帮助中心”->“联系我们”向我们发送消息。<br/>您可以选择一个问题并用少于140个字来描述该问题，您还可以插入最多三张小于3MB图片，在收到问题后我们将会尽快回复您。
Country_1001,Angola,安哥拉
Country_1002,Afghanistan,阿富汗
Country_1003,Albania,阿尔巴尼亚
Country_1004,Algeria,阿尔及利亚
Country_1005,Andorra,安道尔共和国
Country_1006,Anguilla,安圭拉岛
Country_1007,Antigua and Barbuda,安提瓜和巴布达
Country_1008,Argentina,阿根廷
Country_1009,Armenia,亚美尼亚
Country_1010,Ascension,阿森松
Country_1011,Australia,澳大利亚
Country_1012,Austria,奥地利
Country_1013,Azerbaijan,阿塞拜疆
Country_1014,Bahamas,巴哈马
Country_1015,Bahrain,巴林
Country_1016,Bangladesh,孟加拉国
Country_1017,Barbados,巴巴多斯
Country_1018,Belarus,白俄罗斯
Country_1019,Belgium,比利时
Country_1020,Belize,伯利兹
Country_1021,Benin,贝宁
Country_1022,Bermuda Is.,百慕大群岛
Country_1023,Bolivia,玻利维亚
Country_1024,Botswana,博茨瓦纳
Country_1025,Brazil,巴西
Country_1026,Brunei,文莱
Country_1027,Bulgaria,保加利亚
Country_1028,Burkina-faso,布基纳法索
Country_1029,Burma,缅甸
Country_1030,Burundi,布隆迪
Country_1031,Cameroon,喀麦隆
Country_1032,Canada,加拿大
Country_1033,Cayman Is.,开曼群岛
Country_1034,Central African Republic,中非共和国
Country_1035,Chad,乍得
Country_1036,Chile,智利
Country_1037,China,中国
Country_1038,Colombia,哥伦比亚
Country_1039,Congo,刚果
Country_1040,Cook Is.,库克群岛
Country_1041,Costa Rica,哥斯达黎加
Country_1042,Cuba,古巴
Country_1043,Cyprus,塞浦路斯
Country_1044,Czech Republic,捷克
Country_1045,Denmark,丹麦
Country_1046,Djibouti,吉布提
Country_1047,Dominica Rep.,多米尼加共和国
Country_1048,Ecuador,厄瓜多尔
Country_1049,Egypt,埃及
Country_1050,EI Salvador,萨尔瓦多
Country_1051,Estonia,爱沙尼亚
Country_1052,Ethiopia,埃塞俄比亚
Country_1053,Fiji,斐济
Country_1054,Finland,芬兰
Country_1055,France,法国
Country_1056,French Guiana,法属圭亚那
Country_1057,Gabon,加蓬
Country_1058,Gambia,冈比亚
Country_1059,Georgia,格鲁吉亚
Country_1060,Germany,德国
Country_1061,Ghana,加纳
Country_1062,Gibraltar,直布罗陀
Country_1063,Greece,希腊
Country_1064,Grenada,格林纳达
Country_1065,Guam,关岛
Country_1066,Guatemala,危地马拉
Country_1067,Guinea,几内亚
Country_1068,Guyana,圭亚那
Country_1069,Haiti,海地
Country_1070,Honduras,洪都拉斯
Country_1071,Hongkong,香港
Country_1072,Hungary,匈牙利
Country_1073,Iceland,冰岛
Country_1074,India,印度
Country_1075,Indonesia,印度尼西亚
Country_1076,Iran,伊朗
Country_1077,Iraq,伊拉克
Country_1078,Ireland,爱尔兰
Country_1079,Israel,以色列
Country_1080,Italy,意大利
Country_1081,Ivory Coast,科特迪瓦
Country_1082,Jamaica,牙买加
Country_1083,Japan,日本
Country_1084,Jordan,约旦
Country_1085,Kampuchea (Cambodia ),柬埔寨
Country_1086,Kazakstan,哈萨克斯坦
Country_1087,Kenya,肯尼亚
Country_1088,Korea,韩国
Country_1089,Kuwait,科威特
Country_1090,Kyrgyzstan,吉尔吉斯坦
Country_1091,Laos,老挝
Country_1092,Latvia,拉脱维亚
Country_1093,Lebanon,黎巴嫩
Country_1094,Lesotho,莱索托
Country_1095,Liberia,利比里亚
Country_1096,Libya,利比亚
Country_1097,Liechtenstein,列支敦士登
Country_1098,Lithuania,立陶宛
Country_1099,Luxembourg,卢森堡
Country_1100,Macao,澳门
Country_1101,Madagascar,马达加斯加
Country_1102,Malawi,马拉维
Country_1103,Malaysia,马来西亚
Country_1104,Maldives,马尔代夫
Country_1105,Mali,马里
Country_1106,Malta,马耳他
Country_1107,Mariana Is,马里亚那群岛
Country_1108,Martinique,马提尼克
Country_1109,Mauritius,毛里求斯
Country_1110,Mexico,墨西哥
Country_1111,"Moldova, Republic of",摩尔多瓦
Country_1112,Monaco,摩纳哥
Country_1113,Mongolia,蒙古
Country_1114,Montserrat Is,蒙特塞拉特岛
Country_1115,Morocco,摩洛哥
Country_1116,Mozambique,莫桑比克
Country_1117,Namibia,纳米比亚
Country_1118,Nauru,瑙鲁
Country_1119,Nepal,尼泊尔
Country_1120,Netheriands Antilles,荷属安的列斯
Country_1121,Netherlands,荷兰
Country_1122,New Zealand,新西兰
Country_1123,Nicaragua,尼加拉瓜
Country_1124,Niger,尼日尔
Country_1125,Nigeria,尼日利亚
Country_1126,North Korea,朝鲜
Country_1127,Norway,挪威
Country_1128,Oman,阿曼
Country_1129,Pakistan,巴基斯坦
Country_1130,Panama,巴拿马
Country_1131,Papua New Cuinea,巴布亚新几内亚
Country_1132,Paraguay,巴拉圭
Country_1133,Peru,秘鲁
Country_1134,Philippines,菲律宾
Country_1135,Poland,波兰
Country_1136,French Polynesia,法属玻利尼西亚
Country_1137,Portugal,葡萄牙
Country_1138,Puerto Rico,波多黎各
Country_1139,Qatar,卡塔尔
Country_1140,Reunion,留尼旺
Country_1141,Romania,罗马尼亚
Country_1142,Russia,俄罗斯
Country_1143,Saint Lueia,圣卢西亚
Country_1144,Saint Vincent,圣文森特岛
Country_1145,Samoa Eastern,东萨摩亚(美)
Country_1146,Samoa Western,西萨摩亚
Country_1147,San Marino,圣马力诺
Country_1148,Sao Tome and Principe,圣多美和普林西比
Country_1149,Saudi Arabia,沙特阿拉伯
Country_1150,Senegal,塞内加尔
Country_1151,Seychelles,塞舌尔
Country_1152,Sierra Leone,塞拉利昂
Country_1153,Singapore,新加坡
Country_1154,Slovakia,斯洛伐克
Country_1155,Slovenia,斯洛文尼亚
Country_1156,Solomon Is,所罗门群岛
Country_1157,Somali,索马里
Country_1158,South Africa,南非
Country_1159,Spain,西班牙
Country_1160,Sri Lanka,斯里兰卡
Country_1161,St.Lucia,圣卢西亚
Country_1162,St.Vincent,圣文森特
Country_1163,Sudan,苏丹
Country_1164,Suriname,苏里南
Country_1165,Swaziland,斯威士兰
Country_1166,Sweden,瑞典
Country_1167,Switzerland,瑞士
Country_1168,Syria,叙利亚
Country_1169,Taiwan,台湾省
Country_1170,Tajikstan,塔吉克斯坦
Country_1171,Tanzania,坦桑尼亚
Country_1172,Thailand,泰国
Country_1173,Togo,多哥
Country_1174,Tonga,汤加
Country_1175,Trinidad and Tobago,特立尼达和多巴哥
Country_1176,Tunisia,突尼斯
Country_1177,Turkey,土耳其
Country_1178,Turkmenistan,土库曼斯坦
Country_1179,Uganda,乌干达
Country_1180,Ukraine,乌克兰
Country_1181,United Arab Emirates,阿拉伯联合酋长国
Country_1182,United Kiongdom,英国
Country_1183,United States of America,美国
Country_1184,Uruguay,乌拉圭
Country_1185,Uzbekistan,乌兹别克斯坦
Country_1186,Venezuela,委内瑞拉
Country_1187,Vietnam,越南
Country_1188,Yemen,也门
Country_1189,Yugoslavia,南斯拉夫
Country_1190,Zimbabwe,津巴布韦
Country_1191,Zaire,扎伊尔
Country_1192,Zambia,赞比亚
